engine,detections,samples_seen,detection_rate
K7GW,151,157,0.9617834394904459
McAfee,146,150,0.9733333333333334
Avira,142,157,0.9044585987261147
DrWeb,142,157,0.9044585987261147
Fortinet,142,157,0.9044585987261147
Ikarus,140,143,0.9790209790209791
Kaspersky,140,151,0.9271523178807947
Cynet,140,155,0.9032258064516129
CAT-QuickHeal,139,157,0.8853503184713376
McAfee-GW-Edition,138,148,0.9324324324324325
AhnLab-V3,135,157,0.8598726114649682
BitDefenderFalx,130,145,0.896551724137931
